frame_number,pos_x,pos_y,pos_z,rot_x,rot_y,rot_z
1,6.536240032451953,8.477586506425247,0.08337490452663256,1.5630080699920654,-8.490907532632264e-08,2.4847848415374756
2,-5.464362957672424,-2.48160857175362,0.7870833714376996,1.440392255783081,-1.4495259392788284e-07,-1.1445013284683228
3,-16.538151218013482,10.530687561564493,0.14406989910363144,1.5634483098983765,-9.005307788356731e-08,-2.1378014087677
4,4.774610870347605,12.64551870817464,-0.07562422775269098,1.5763911008834839,1.1098347840743372e-07,2.7805678844451904
5,-6.962475169403642,5.809579666276116,1.22343969460557,1.4366867542266846,9.454709726242072e-08,-2.266171455383301
6,-4.194425210775748,11.73538142023618,8.593284253421,0.9671286940574646,-8.092518655189451e-09,-2.798325538635254
7,-4.002146227993107,0.6601079126044964,5.324285408068597,0.6510316729545593,9.795281386004717e-08,-1.7342630624771118
8,9.17546988433156,-5.526197214493945,-10.84134833246523,2.362236738204956,7.619854969220796e-09,1.0287024974822998
9,-6.596248720262022,-1.6639947589140505,12.628280119233759,0.49412864446640015,1.892595236085981e-08,-1.3236881494522095
10,-1.176947336134881,0.07796430201874749,8.967044583739918,0.13078930974006653,-1.1682617184760602e-07,-1.6369423866271973
11,-9.74147475087776,6.338118803554607,13.15867081273639,0.7234615683555603,2.1018260909499986e-08,-2.147615909576416
12,-3.652425377236389,0.6905898917746227,5.820684980611495,0.5683255195617676,7.552350211881276e-08,-1.7576674222946167
13,1.6899320635419226,6.970519171951045,1.9380038114410696,1.3068971633911133,1.1497440510765955e-07,2.9037418365478516
14,-0.8777822189591085,4.977561980020414,0.8872277257359772,1.3970298767089844,8.328235878707346e-08,-2.9670395851135254
15,-10.33214940051119,-12.1099553221255,7.039000429529542,1.1544601917266846,8.416238017616706e-08,-0.7063456773757935
16,7.551579516451419,6.129464634783666,10.173463922209292,0.7629200220108032,-4.463295155687774e-08,2.2526187896728516
17,2.5829572623780557,-4.2910762086543315,8.617673377107987,0.5264726877212524,-4.1201154488135217e-08,0.5418425798416138
18,16.01364306244615,0.9168510463098034,3.485159299032537,1.3568408489227295,6.57956675809146e-08,1.627988338470459
19,-0.7819998651301345,3.2198418288008384,-1.7014823923000486,-1.0964000225067139,-3.141592502593994,0.23825591802597046
20,0.3492241900507942,-8.22308732499313,13.233373155467163,0.5564032793045044,2.696201928387154e-09,0.04244323819875717
21,1.9261706220765027,-9.710763166403602,-12.26450236965584,2.4624745845794678,2.9456810324290927e-08,0.19581259787082672
22,-14.893156544311285,-0.606762732684039,9.230806380474244,1.01631498336792,-2.1974531705382105e-07,-1.5300779342651367
23,5.878099087985908,-3.1558043723624727,13.331440023020846,0.46400460600852966,1.4699382688831975e-07,1.0780858993530273
24,-7.025029685692368,8.202484339239781,9.853542774412487,0.8311741352081299,2.128253306921124e-08,-2.4333651065826416
25,12.076249197262584,3.4682602824481843,-14.529935120564268,2.4286110401153564,7.225511300390508e-09,1.850466012954712
26,13.270872862983111,-0.12393402160234457,7.179094289734291,1.0749335289001465,-2.8242180150073182e-08,1.561457872390747
27,-7.260229189309359,8.660510255623793,6.080328560181497,1.0771903991699219,-3.8395093326926144e-08,-2.4439220428466797
28,6.868000261702957,7.432724498396581,-9.630228204572841,-0.8101924061775208,-3.141592502593994,-0.7459292411804199
29,-3.991958125567691,7.707158088000126,6.1884018962621195,0.9514123201370239,1.6800464663901948e-07,-2.663684844970703
30,-5.845591213332517,13.219809932021192,-3.981224600892731,1.8395627737045288,4.232325778730228e-08,-2.725257396697998
31,12.875407283895148,-1.2392032992061504,-9.252257009720685,2.1917130947113037,-1.2183268438548112e-07,1.4748461246490479
32,-7.373151595906229,6.205273921428046,-5.092380429986812,2.05692720413208,-5.295591165577207e-08,-2.2703959941864014
33,-0.6562593070576346,-9.620264524662442,-7.548578737150124,2.234982490539551,-8.826453345989194e-09,-0.06811082363128662
34,-2.6796222547153663,3.7320871059902823,2.869631441583414,1.0124930143356323,-1.2391228665364906e-07,-2.518890857696533
35,-10.200840421628056,-11.6539147989055,-1.1748631821497018,1.646508812904358,-4.2154219670464954e-08,-0.7190080881118774
36,-0.2622294660119624,-4.0018588408109,4.865060340966161,0.6894045472145081,-6.553219300542423e-09,-0.06543337553739548
37,4.212988450908286,7.932557235541852,-7.696325099223168,-0.8623278141021729,3.141592502593994,-0.48821768164634705
38,0.4409510232244731,-7.933570797393679,5.136760241441225,0.9969041347503662,-6.678689823402806e-10,0.05552327260375023
39,-19.66740161728205,-4.269795218340075,-2.144439857134469,1.6769490242004395,-2.6351276716241046e-08,-1.3570139408111572
40,6.482881516424547,-8.15450729224403,4.491100802277674,1.1637600660324097,-2.146110134049195e-08,0.671688437461853
41,-7.2207738505993735,0.9125036796935112,-9.369908811378055,2.481182098388672,-3.03196756590296e-08,-1.6965022087097168
42,-8.840672025425171,13.361149650437792,6.928427840797218,1.1626285314559937,-5.988881923713052e-08,-2.5570571422576904
43,-3.5121399100685924,7.343984962220519,11.831994483226172,0.6026372313499451,9.743642692683352e-08,-2.695509433746338
44,3.4630187799045546,10.222856727590962,-3.138082376904491,1.8537348508834839,6.611713843085454e-08,2.8149728775024414
45,4.827303144956279,3.5903548424744294,-7.3956730054181286,2.4586968421936035,-6.371308103325646e-08,2.210292100906372
46,3.33805225453703,6.887695580154193,0.6098509733760042,1.491286277770996,-1.6718152551220555e-07,2.6903085708618164
47,2.7480953745442296,3.043024779075237,2.489205484683728,1.0251823663711548,-1.1185691306536683e-07,2.407078504562378
48,-0.5449280963734635,-3.9126535984435504,6.196090707816003,0.567584753036499,-6.898415172429395e-10,-0.13838313519954681
49,-0.4637321119383543,11.039481769151262,-8.675382420945201,-0.9051709771156311,-3.141592502593994,0.041981954127550125
50,-1.209037486522593,7.374343138199104,-13.441129282837847,-0.5074111819267273,3.141592502593994,0.16250619292259216
51,-2.1517028398982623,-3.2816662116714497,-5.501149759519675,2.5219712257385254,-1.9083092439586835e-08,-0.5803535580635071
52,-0.44549886530273497,-2.596751323409899,-8.598262095011684,2.844255208969116,-3.117252589390773e-08,-0.16990604996681213
53,3.027968121800627,-19.28878097211387,0.9306761566294989,1.523166537284851,-2.4864741376973143e-08,0.15571004152297974
54,-8.228036737335321,1.2734860837846913,0.298661131248194,1.5349409580230713,-7.611632213411212e-08,-1.7243521213531494
55,-4.691777075937762,12.187735804355402,-3.015318431186316,1.7977088689804077,-1.7319918832470194e-09,-2.7741196155548096
56,1.9412618471522753,-2.949299000924719,-4.379242546258176,2.463041305541992,-1.3122380515540044e-08,0.5821260809898376
57,9.688369571787268,-3.939840791130324,8.306433449458593,0.8995996117591858,6.666249419140513e-08,1.1845645904541016
58,-0.6981153737502337,0.3910907602977307,-5.342900485594154,-0.14866359531879425,3.141592502593994,1.0601487159729004
59,-4.1675508382460364,-3.3497161758921536,-7.220281180182091,2.504176378250122,-9.16208691137399e-08,-0.8937661647796631
60,-9.393106279855354,16.898489798858215,-3.7857891478776784,1.7641633749008179,-1.047400601805748e-07,-2.634265661239624
61,-3.400023904749553,-4.214452427912992,-9.425772912448346,2.6201462745666504,5.082315013282823e-09,-0.6788453459739685
62,3.134003774932804,-10.686384305910693,0.9429525422561361,1.4863251447677612,1.6492496257569655e-08,0.2852717936038971
63,0.49773478835033735,-2.2115120247099664,0.17741701635444643,1.4926890134811401,-1.5330805069879716e-08,0.2213766723871231
64,-0.6268719101059459,-8.981032354632262,-7.75602079520281,2.2819314002990723,1.8535073476044772e-09,-0.06968651711940765
65,2.559220900760029,-2.496288710932338,-5.446022513022112,2.5606937408447266,1.0251932991423018e-07,0.797845721244812
66,-2.005561742347328,-10.958735191520296,-2.720089794932534,1.8102682828903198,-2.1227013036195785e-08,-0.18100731074810028
67,1.2258923318878017,-6.661615675062874,5.54343596296011,0.8849340081214905,5.473088648955127e-09,0.1819872111082077
68,-3.179314329075324,-5.5207853505620434,8.348738364758553,0.6518235206604004,-7.929720879928936e-08,-0.5224959254264832
69,-2.534995788939519,-2.016528858054644,6.893928903682462,0.4392516613006592,3.5236592310639026e-08,-0.8988198637962341
70,-0.9814846189589543,-14.90675077220791,4.593349143385387,1.2724977731704712,-1.033480501178019e-08,-0.06574670970439911
71,11.412700218543424,-6.7176746701189956,9.109385327738881,0.9682614803314209,-8.434398068857263e-08,1.0387910604476929
72,-4.061321498002407,-5.055046929883165,9.420460764261229,0.6028538346290588,6.572391697545754e-08,-0.6768224239349365
73,2.8956283712417648,-4.064518648744978,-5.2062771231370135,2.3773539066314697,1.2815704053537047e-08,0.6190103888511658
74,-6.565774594167568,6.840859356104749,-7.8628166578897805,2.2631161212921143,-4.390179242363956e-08,-2.3767101764678955
75,10.887118981254195,-9.338742481733869,3.279518589330797,1.3460214138031006,1.2436446183983207e-07,0.861803412437439
76,7.635771510782815,4.90539724511134,12.031943662618055,0.6462464332580566,-6.905638372245448e-08,2.141826868057251
77,-13.226193773699123,-2.480167039251765,-1.8191784364291061,1.7051690816879272,-1.3245895047475642e-07,-1.385429859161377
78,-12.846536450476453,9.103790324174755,9.854661551358891,1.0115629434585571,-2.3850494912380782e-08,-2.1873090267181396
79,-3.300676150773244,5.440137670642223,6.502497981107147,0.7745667695999146,1.2855281283918885e-07,-2.5962419509887695
80,2.89927619599876,15.871029667357199,4.517776985618262,1.2977676391601562,-8.67484573063848e-09,2.9609076976776123
81,2.0292942593969494,7.581992897798053,3.0986078401850254,1.1947942972183228,-3.2595643517652206e-08,2.880075693130493
82,-7.587720803381647,3.226413655542477,7.3588936323963186,0.8421366214752197,-1.2473184085592948e-07,-1.9728494882583618
83,-0.27222254260818524,-8.787457066179075,3.367977657063671,1.2049545049667358,2.0204173889482036e-09,-0.03096863254904747
84,-15.170473298881014,20.23907106075243,2.597389380418365,1.4684652090072632,-1.3286546973745317e-08,-2.498370885848999
85,-1.3584479634491062,6.717039684961067,7.351079505873853,0.750348687171936,-8.250052729863455e-08,-2.942044973373413
86,-4.1511529858585545,8.638730561309682,-12.154860847699357,-0.6677016615867615,3.141592502593994,0.4479491114616394
87,5.453967486264936,-10.361033117999023,0.19922279532776585,1.5537834167480469,-8.090680125860672e-08,0.48453786969184875
88,10.537293389033312,-4.62010545306826,7.6572817439940275,0.9835854768753052,-1.0989510457193319e-07,1.1575865745544434
89,-6.939236514645989,4.611222484664969,-6.165747284082174,2.2078919410705566,-7.9155292098676e-08,-2.1573076248168945
90,-4.4051213607992405,-4.382055671709246,11.493701225483512,0.4955976903438568,-7.796198531195841e-08,-0.7880231142044067
91,1.9333164436534838,-2.0545033619410478,-12.859416406137814,2.9256324768066406,2.151444533637914e-08,0.7550182938575745
92,1.0348647489957719,-1.1201564807616373,0.16072561333121385,1.4657918214797974,7.653036959709425e-08,0.745840847492218
93,1.9885425444279354,5.981212194137303,2.4688162346912153,1.1974809169769287,1.0200258770964865e-07,2.8206238746643066
94,7.682825854569033,1.2446324875436012,-6.289139424118551,2.250433921813965,1.4245861379436064e-08,1.7314029932022095
95,7.5311168572854035,10.984198140259117,0.6386779059619171,1.5228772163391113,-9.758549168736863e-08,2.5405750274658203
96,-4.174682142104849,-1.3138569473509323,9.750952476748902,0.4218830466270447,6.744370750766393e-08,-1.265890121459961
97,-3.4030465273996064,-1.2303471880201906,10.473521624143995,0.33266279101371765,-1.4965434047553572e-07,-1.2238757610321045
98,4.488721844641153,3.0314606881938264,-14.590150002054612,-0.3554728329181671,-3.141592502593994,-0.9768058657646179
99,10.331602936645671,1.5367600600331426,0.148791027237481,1.5565526485443115,1.4113048507624626e-08,1.7184573411941528
100,1.1139259710827987,4.908503581550364,-11.758990049662001,-0.4044421911239624,3.1415927410125732,-0.22315825521945953
101,-8.128809101145062,1.7199936486568363,5.01811340083951,1.0274757146835327,-8.660170891516827e-08,-1.7793132066726685
102,0.6226664825809562,-11.337645783605886,-7.132093137222678,2.1316335201263428,-5.27426657903618e-10,0.05486514791846275
103,-6.366754654532081,-2.663405054549937,-4.106821235797398,2.107583522796631,1.916977510063589e-08,-1.1745884418487549
104,2.9561407830100066,-13.587376136278465,7.503641246603276,1.0759516954421997,-2.892775796681235e-08,0.21422675251960754
105,0.7394158850707391,-0.6354594228130901,11.68444134212489,0.08324777334928513,-1.582989028747761e-07,0.860866129398346
106,0.8491305776517322,0.016689554637034254,11.611840785937419,0.0730103999376297,2.1720538256886357e-07,1.5904486179351807
107,-5.229513556204699,-10.386364814992456,13.12202692553635,0.7251323461532593,4.563156963399706e-08,-0.4664420485496521
108,-8.419932787306534,-6.42511164440678,7.340601380859024,0.9647345542907715,-6.727080403834407e-08,-0.9189744591712952
109,1.0189520306828885,-8.3215779804364,12.166391710786165,0.6033656001091003,-4.645329898522732e-09,0.1218404769897461
110,-0.9704317651099135,4.463281061375902,-0.9702041408889204,1.780097484588623,7.628434417483732e-08,-2.927499294281006
111,4.301711024636763,2.981576328452686,-5.030627113082998,2.3363864421844482,1.8462422701759351e-09,2.1768860816955566
112,4.8455315031215305,1.994895220656943,-1.8355573910467864,1.9077292680740356,3.721692110048025e-08,1.9613462686538696
113,1.5149993153683639,1.7713301285562641,4.431699897915076,0.4841900169849396,-8.048175459407503e-09,2.4340362548828125
114,7.62601774715649,-2.821709045500949,-4.946984000559679,2.1173601150512695,-5.4987086883784286e-08,1.2164068222045898
115,-3.7250364942438345,-18.134789967708045,3.0358042669909118,1.40826416015625,5.021350091283239e-08,-0.20259037613868713
116,-9.505314491485159,3.7221775806885677,-5.011989060819704,2.027202606201172,-1.3775799345694395e-07,-1.944031000137329
117,13.55952117910881,5.272742769957789,0.6773977077230183,1.5242688655853271,-1.052123153044704e-07,1.9416618347167969
118,-4.026270152657769,-11.770407834677712,8.455348988099558,0.9738309979438782,-2.523619357930329e-08,-0.3295903205871582
119,1.2320444919497069,12.907412106436844,8.031394328648814,1.0162227153778076,7.231149368180922e-08,3.0464284420013428
120,6.1440655425992805,-3.9052599115702464,-5.467258851614295,2.2149252891540527,5.6080573074268614e-08,1.0046000480651855
121,-3.974574762944312,6.7822917319969225,-4.3204387779159426,2.073330879211426,1.0597912591947534e-07,-2.6115143299102783
122,-14.306063132323837,-2.1083118995896157,-1.9084166190120484,1.7020118236541748,-1.5525439778230066e-07,-1.4244776964187622
123,0.8167487453108624,-17.26039385611476,6.259004650894034,1.223279595375061,-5.306738382060416e-10,0.04728398472070694
124,-4.08594195529021,-2.1051471306366443,3.311164664004627,0.946518063545227,6.524566487087213e-08,-1.0950493812561035
125,-1.5690069846259078,-7.217674873877233,-1.0518903254389196,1.7122572660446167,1.3826562117458252e-08,-0.21405372023582458
126,-6.049178903314066,-8.673746403075873,-8.792576073175557,2.2644307613372803,-1.9780106441658063e-09,-0.6089872121810913
127,6.614546855509141,4.193810431196773,10.666196189092506,0.6333659887313843,1.7076712310881703e-07,2.135861396789551
128,-2.4421247044376955,-17.45462166329892,-0.16685124293751974,1.5802630186080933,1.1906931440819335e-08,-0.13901039958000183
129,1.9729854183326216,-10.952984935466027,13.499612123326777,0.6894512176513672,-5.319202855957883e-10,0.17822103202342987
130,-5.999476768997557,9.94864181092968,-2.912423153224035,1.8164242506027222,-6.823049858439845e-08,-2.598937511444092
131,14.63437607918496,11.468519027208359,1.2891297644917317,1.5015723705291748,-1.421927464662076e-07,2.2355003356933594
132,-4.451646861200552,-10.748189598100275,-5.31174695960232,1.9991141557693481,1.0284622931067133e-08,-0.3926674425601959
133,5.442429616962731,-0.5898170681766959,-5.214076234343154,2.331853151321411,-4.621630367296348e-08,1.4628437757492065
134,-2.5647405032476374,8.820686562298425,-3.7677952043293286,-1.1815555095672607,3.1415927410125732,0.28296229243278503
135,-9.489959824625966,4.9556115118913535,-6.029309816101443,2.0836973190307617,-5.7164537992093756e-08,-2.052042007446289
136,-8.925510093224107,17.411225593134205,-2.8946727277008253,1.717677354812622,7.587929928831727e-08,-2.6678924560546875
137,-8.021017860424353,-5.4215989994884985,12.425665742513047,0.6618972420692444,2.9471625140331525e-08,-0.9764121770858765
138,-9.198164316650956,3.126059544702985,-12.755258226147392,2.4906864166259766,5.263260405286019e-08,-1.8984068632125854
139,-4.2274687552753445,-6.242619020325591,-0.41314766783254797,1.6255403757095337,-8.08627298454212e-09,-0.595255970954895
140,0.1587471726699925,-4.738407182928121,7.123413322413082,0.5872366428375244,-5.4082933687027435e-09,0.03348969668149948
141,1.4525748354632553,-9.299793674898844,4.167220519015219,1.1540045738220215,8.160769837672888e-09,0.15494239330291748
142,-6.625955820877291,-0.3008266184117998,2.9949576133246065,1.1466636657714844,-4.978936019028879e-08,-1.5254262685775757
143,-6.91459601567645,-10.25302083216954,2.499968735467129,1.371331810951233,-8.632471804048691e-08,-0.5933347344398499
144,5.831777392039914,-5.789872970487566,4.705642544964537,1.0507557392120361,3.5414515764387033e-09,0.7890039086341858
145,-1.6667837327000847,-3.869366223865386,-5.250662675547835,2.4653944969177246,2.5384601087807823e-08,-0.40674275159835815
146,1.3685998292485055,-4.032934041336015,9.079560106126301,0.4385879933834076,-3.241176660395695e-09,0.32716095447540283
147,-4.267078617731643,2.5678460870735496,9.830214225140272,0.46892619132995605,1.1062157057040167e-07,-2.1125242710113525
148,1.8738524131394345,12.879389690994431,5.2708994995814376,1.1859983205795288,-1.1394710952572495e-07,2.9971141815185547
149,-2.970725365705052,6.752704225866004,-5.119167228697221,-0.9641692638397217,3.141592502593994,0.41444918513298035
150,-5.241574586889939,0.32641782414574916,7.7045014011871915,0.5983001589775085,-7.380520372635146e-08,-1.6329907178878784
151,3.7249482401391023,7.155129444656236,10.223950667617924,0.6679956912994385,9.095203523656892e-08,2.66160249710083
152,6.985945444363904,1.9761228243794005,-4.713937238785202,2.1466774940490723,-3.384434066333597e-08,1.8464654684066772
153,-1.4008404373293213,0.5259520460544516,-3.57671696383441,2.7453675270080566,-3.496693423699071e-08,-1.929965853691101
154,4.2101963740957125,-10.902068338574658,11.451786764876514,0.7955538630485535,-5.0702002596381135e-09,0.36853891611099243
155,-3.3265725922265905,7.370722150203188,14.57963397268953,0.5064083337783813,-4.17552428189083e-08,-2.717639446258545
156,-12.380845650728094,-6.928303480831153,-3.6109287223733637,1.8200186491012573,-9.115634469480938e-08,-1.0606135129928589
157,-2.482213908196518,-13.387680527440786,11.250612703395536,0.8802304863929749,2.0820589696768366e-08,-0.1833285093307495
158,4.919361917005034,-1.0676164242033077,5.374745342806186,0.7526612281799316,-6.62615349256157e-08,1.3570868968963623
159,-4.449227544255117,-6.331191706671504,4.977205206691117,0.9992161393165588,5.354890220132802e-08,-0.6125673055648804
160,-6.989685264405732,-13.036413098263889,-7.410895941536738,2.0352487564086914,7.045620975532074e-09,-0.4921603798866272
161,9.179852195459592,7.582929159670249,10.24470021409626,0.8602888584136963,-7.750062813727254e-09,2.2612152099609375
162,-2.7651137962939294,-0.7337692035342567,-2.300232728774759,2.2480006217956543,-1.1339061245507764e-07,-1.3114079236984253
163,-5.3949436459224795,3.4824461243852873,9.1795409686878,0.6104044914245605,-3.117465752211501e-08,-2.144002914428711
164,-5.66996029706988,12.591628524158295,-4.12864221857526,1.8613122701644897,8.16918144241896e-10,-2.7184925079345703
165,8.173292149916954,3.1785036897831094,-5.181455877309236,2.1044561862945557,-4.0761062081173804e-08,1.9416877031326294
166,4.692969805721925,-0.5332690649716056,-3.114717309243584,2.153789520263672,-1.6444835182483075e-07,1.4576501846313477
167,0.15968969497689006,-6.711656338323283,-6.243061872557998,2.319897413253784,5.503969502385075e-10,0.023788398131728172
168,7.385273739938478,12.362933416572766,9.001040629075698,1.0121715068817139,5.222921828362814e-08,2.603107452392578
169,10.527878014672169,3.43039888361187,7.198244546123573,0.9943566918373108,6.927791118549464e-10,1.8857874870300293
170,4.17545578264701,-3.992917586743965,1.5582626803712831,1.3073464632034302,-1.0507924486091724e-07,0.8077414631843567
171,-1.0447973233067862,3.8349813059239786,5.36154510709038,0.6379389762878418,-4.728928360009377e-08,-2.8756091594696045
172,9.850529300770352,-7.155419136232619,-7.10942549301668,2.0993170738220215,2.027379153446418e-08,0.9425714612007141
173,14.990031956452228,-3.1982979284655904,7.7660049296397595,1.1018242835998535,5.9023825826898246e-08,1.3605866432189941
174,-2.5576746537888675,6.33889874657574,5.8034490879752365,0.8668699264526367,2.4568823420167973e-08,-2.758082389831543
175,-1.2426800798623532,9.140539877356595,-7.225500747100594,-0.9063313007354736,3.1415927410125732,0.13512414693832397
176,11.526576498583472,7.345138345178414,-9.679078033955477,2.186976909637451,5.381475176591266e-08,2.1381454467773438
177,-4.7413322831539,4.279781101479361,0.30837681404658046,1.522553563117981,1.6289224902266142e-07,-2.3050756454467773
178,17.372193572222642,-3.6637020607850754,-3.8413341553206872,1.7838726043701172,-1.1007568190279926e-09,1.362947702407837
179,2.1531588995084427,1.9282440245928825,12.439162160867452,0.2283090054988861,-1.4794589731081942e-07,2.301143169403076
180,-13.669690225182936,7.180186988825858,-8.338664739878237,2.0659637451171875,-8.472980539409036e-08,-2.054450035095215
181,-7.8440509302091135,-6.864454368572291,1.526423248723661,1.4253897666931152,-3.435419770880799e-08,-0.8519006967544556
182,10.957271637452436,0.1969936471010385,-6.112426658930548,2.0795717239379883,8.803742446161777e-08,1.5887728929519653
183,4.2160251466935765,13.990239357152927,-3.6652314036501834,1.8165675401687622,-4.5100940759823516e-09,2.848893404006958
184,-7.046132109904812,12.042519924590053,-8.839135551882062,-1.0060937404632568,3.141592502593994,0.5293948650360107
185,2.3995722292100474,-14.731309984969442,8.344777548090793,1.0609959363937378,-2.043660352057941e-09,0.16147112846374512
186,-0.7692223634029975,12.957465867138001,5.122970975529565,1.1948902606964111,1.339016986179331e-08,-3.0822970867156982
187,-10.171825984302531,-9.150513567124358,-5.990108159629951,1.9834656715393066,7.039272276188058e-08,-0.8382056355476379
188,0.9488794125653608,5.424506620008733,-14.2033637203302,-0.369872123003006,-3.141592502593994,-0.17317256331443787
189,-7.229903052118204,4.733488984295217,-9.457675474727225,2.401252269744873,9.018506830216211e-08,-2.15047550201416
190,0.17165969128035607,2.877335893499386,6.110922917437645,0.44074302911758423,-2.086941464085612e-08,3.0820040702819824
191,2.6905182762405015,15.360367356224753,6.764017587468651,1.161536693572998,-9.345292539819638e-08,2.9681921005249023
192,-0.39891859722356093,-6.293558511492372,6.914986082518315,0.7393835783004761,-7.208679431158771e-09,-0.06330054998397827
193,9.634981548979251,0.15533833235532502,-9.153087423467722,2.330486297607422,-7.780943889201808e-09,1.5869171619415283
194,-0.10543939238117472,4.318449092570607,-11.784468120737534,-0.35135239362716675,3.1415927410125732,0.02441124990582466
195,-10.160454992669745,-1.277730558690036,6.210277616435131,1.0256521701812744,8.568621012727817e-08,-1.4456977844238281
196,-8.32539551421599,-14.5258860685781,5.896392542598883,1.2321810722351074,-7.665192924832809e-09,-0.5204368233680725
197,-9.972515352245066,-1.9420148316634334,4.81572721394239,1.1281675100326538,5.6700329764680646e-08,-1.3784668445587158
198,-14.939896706626161,2.269761964742565,2.4644477291569578,1.4091336727142334,-4.4582000313653225e-09,-1.7215696573257446
199,8.292268230175491,-8.95875283770406,-8.417221345787967,2.174452304840088,8.725216105176514e-09,0.7467828989028931
200,-4.938223301074075,-8.130073707108508,-8.453732455786922,2.2973413467407227,7.219934872182421e-08,-0.5458444356918335
201,-14.983068084002602,13.07131608151359,9.471574467526922,1.126243233680725,-2.362279039047621e-09,-2.2881553173065186
202,0.5020243066788725,1.046173926541603,2.4970371594076797,0.435016930103302,-2.1846540576575535e-08,2.694180965423584
203,7.63409112291359,9.756137573993444,-10.086451294822936,-0.8874480128288269,3.141592502593994,-0.6639732718467712
204,0.9718130463853111,-3.3228604808031093,-6.600563473787897,2.6585307121276855,3.977170592861512e-09,0.2845277190208435
205,0.4347984648768142,-6.074254700543657,0.9425645286672005,1.4172372817993164,-8.479196900168517e-09,0.07145868241786957
206,6.698417732641117,4.608172124125147,4.8536774414596975,1.03260338306427,-1.4347254762014927e-07,2.173388719558716
207,-8.310872440600479,-11.434427254929016,-5.45262695511418,1.9389457702636719,2.1665101712642354e-08,-0.6285059452056885
208,2.5270780448072787,-3.552124050606551,-6.986411879116657,2.583733081817627,-2.7573010541459553e-09,0.6183544397354126
209,6.729655956227951,-13.879780111185504,3.415485005896842,1.3528896570205688,-4.161707067851239e-08,0.4514569640159607
210,-2.790672006345652,0.5116066461097915,-2.8828607240604116,2.364180326461792,3.8234414745375034e-08,-1.752110242843628
211,-3.408498737082323,8.643252161900666,-4.117086491250263,-1.1536750793457031,3.1415927410125732,0.3756294250488281
212,7.12122166309472,9.428850348359129,6.100249984755454,1.0942131280899048,-9.997800276551061e-08,2.494734525680542
213,-3.6787904088078247,-5.923185170595137,5.92840585946892,0.866163432598114,1.0834721564378924e-08,-0.5557777881622314
214,1.2678153157314955,0.4683221200533789,6.721656783984996,0.19842755794525146,3.288757852715207e-07,1.9246423244476318
215,-11.038735286527464,-9.000695654643431,2.175437755540753,1.419231653213501,-1.4920690460940023e-08,-0.8867511749267578
216,-9.755809142257618,1.988021535497968,-2.64693494508509,1.8306410312652588,-1.305976411458687e-07,-1.771822214126587
217,-16.1838524286213,-7.173294682411296,-11.785096308686846,2.1581547260284424,-3.976249374204599e-08,-1.1535804271697998
218,9.579682126731072,-6.297462804751749,-5.106846638820591,1.989867925643921,4.145348242445834e-08,0.9892525672912598
219,-8.042055685972153,7.861404293658371,-12.74093512415621,-0.7231632471084595,3.141592502593994,0.7967568039894104
220,-6.465716089396052,-3.096137008525617,13.342162909113807,0.4930432438850403,-1.697969622682649e-07,-1.124207854270935
221,-2.495061417773159,2.727523471540241,3.293808057630116,0.8429526686668396,1.5981601109160692e-07,-2.4006760120391846
222,12.07092907778005,-5.349801503102492,0.7581690251627835,1.5134367942810059,-4.482740934008689e-08,1.1536140441894531
223,-5.406112623579855,6.4182044522419455,-1.6055573015223092,1.7598403692245483,9.34602795155115e-08,-2.441580295562744
224,-4.071944479197585,-5.831051381927823,-12.082133841048798,2.6095638275146484,3.943449655707809e-08,-0.6095981597900391
225,1.6900380746156216,-15.259180121480998,-2.2072546784570424,1.7135896682739258,1.5910879724856386e-08,0.11030595004558563
226,15.667157555974466,3.715834154564927,-1.3334017333488373,1.6534185409545898,-1.1767568253162608e-08,1.8036669492721558
227,-3.392543903888747,-2.129991462015464,-7.559860761056811,2.6543326377868652,1.272022700504749e-07,-1.010153889656067
228,4.570498147291164,4.7650026262301255,6.37471065652546,0.8029590845108032,-3.690566074965318e-08,2.3770265579223633
229,-0.4701114657982446,-6.4606559333129425,-8.579845739187368,2.4949026107788086,-3.4700713413826634e-09,-0.07263726741075516
230,-2.781832019657796,3.9037900462556885,13.86559931282775,0.3328529894351959,-8.501967840857105e-08,-2.5224616527557373
231,2.2930368030042043,16.234003756503945,8.53566306186231,1.0907881259918213,-4.736572023489316e-08,3.001271963119507
232,7.094523997333151,-7.414501795920783,10.139124306899575,0.7914175987243652,7.692268155778947e-09,0.7633481621742249
233,-5.240688066022292,8.709456719990593,-12.905829411125152,-0.6671332120895386,3.1415927410125732,0.5416861176490784
234,-10.03380789855703,7.584262985370467,-6.831258214261075,2.068345785140991,2.028157410904896e-07,-2.2180442810058594
235,-3.2500177024109824,4.574490516638004,-6.771115702009386,-0.6920188069343567,-3.141592502593994,0.6177151799201965
236,-7.178845936192239,-9.94873417188668,-2.6822813233823726,1.7860432863235474,1.0878530787294949e-07,-0.6250656247138977
237,10.4936393069529,-7.436638349320351,-10.208354754286482,2.241689920425415,-4.534765452035572e-08,0.9542681574821472
238,-0.676988326174929,-7.127023866179341,-6.501800629726025,2.3081161975860596,1.8023087022811524e-08,-0.09470478445291519
239,0.3672769472619879,12.194499700521522,6.057515565469678,1.1099393367767334,-5.6380308421921654e-08,3.111483573913574
240,1.430068269902957,-8.472355597871898,-6.54769252902075,2.2219655513763428,-1.1162828883470866e-08,0.16721612215042114
241,-6.268580213289184,6.196901606063012,-7.396180742973976,2.2689197063446045,-2.173617019707308e-08,-2.3504443168640137
242,5.139333700607097,9.86955975435119,-10.031872526090838,-0.8371309638023376,-3.1415927410125732,-0.480090469121933
243,-12.104802538855191,-6.075635814481647,-3.43223664186113,1.8189857006072998,-5.9195528478994675e-08,-1.105614423751831
244,10.18142273676132,4.404521683690179,-1.9384154638057776,1.7437875270843506,5.03758386116715e-08,1.9790898561477661
245,-3.4319919384838764,-13.018125028306997,-7.721593572730774,2.091536521911621,-1.0532357208603571e-09,-0.2577669620513916
246,2.6735938009005875,7.567294623324149,2.0914181121499125,1.3158760070800781,6.48509583811574e-08,2.8019728660583496
247,2.127704261047401,-1.7779005943434765,-9.475878315287352,2.8569297790527344,-1.240779567979189e-07,0.8747243881225586
248,-12.263611387513262,3.297622067316393,-9.663400613826422,2.221264600753784,1.7331356616523408e-07,-1.8334777355194092
249,-11.30175447912863,8.153132797282812,4.492947483903488,1.258912444114685,-4.599525738058219e-08,-2.1957435607910156
250,3.1418955885956983,4.45130405837876,-7.544920603023048,-0.6254276633262634,-3.141592502593994,-0.6146327257156372
251,3.455496969567349,1.5788381328252954,-6.301315816460984,2.59903883934021,3.7131311358962193e-08,1.9993786811828613
252,-1.0016073650506763,4.927202777885069,4.289523627955561,0.8644871115684509,-4.6114511320638485e-08,-2.9410440921783447
253,3.067507129789849,2.334152302446718,-0.6137787476242581,1.7287038564682007,-5.308152140059974e-08,2.221254825592041
254,-0.4261851938967336,-15.663354736201125,-9.516296753218827,2.1165857315063477,1.6977175221200014e-09,-0.02720235288143158
255,-0.5758815684040792,-5.243032869785079,-6.862928902102996,2.4863193035125732,5.968685101720439e-09,-0.10939893871545792
256,0.7508398002207644,-10.63193358470581,2.358353182931745,1.3530381917953491,1.4239325274445491e-09,0.07050415873527527
257,-9.856097000799345,4.388092803934991,-1.1871136714878774,1.6803876161575317,3.848458263178145e-08,-1.989664912223816
258,-4.4547868141476785,3.7969726840486846,-3.0744857541882666,2.054438591003418,5.919399725939911e-08,-2.276644706726074
259,-14.046858550229906,-10.163492565251634,2.173950848513693,1.4460617303848267,-1.7118033213137096e-08,-0.944444477558136
260,3.0542890853350517,-3.6737605021917554,-0.4017526137587695,1.6546903848648071,5.708061934228681e-08,0.693584144115448
261,-8.071828056113876,-2.2926825189538476,5.149771330347583,1.0203516483306885,-1.486093026414892e-09,-1.2940497398376465
262,-10.492608956597731,13.138202426902048,9.62463449272166,1.0509021282196045,2.8635758653194898e-08,-2.4676852226257324
263,1.7842501581121684,-8.896416487050766,9.441728406040774,0.7655171155929565,-1.0709621633964161e-08,0.19793236255645752
264,-5.021431692458467,-6.144763409942055,-4.24694117387966,2.0621895790100098,-6.601343471857035e-08,-0.6851342916488647
265,-11.89011837634488,-15.992282735266922,2.8089509781183892,1.4307643175125122,-2.9197723350193883e-08,-0.6393223404884338
266,18.75834093208733,-1.2448912365379883,5.93659837887298,1.2649234533309937,1.413319665743984e-07,1.5045291185379028
267,8.884396908073654,-4.834559824882067,-9.636099446694423,2.3319714069366455,8.694851061363806e-09,1.0724456310272217
268,0.39706296596935253,-4.388264490933295,1.4896042900715916,1.244788408279419,1.2254464110128538e-10,0.09023720026016235
269,7.905779748551197,-14.097071859665292,-9.736698509528985,2.112995147705078,-6.05843339940293e-08,0.5111047625541687
270,-13.954632567970199,2.419907603047112,1.0446699488647626,1.4971685409545898,-9.921104293653116e-08,-1.742501139640808
271,-3.1485531317471738,-3.389573521667613,-9.823157912579502,2.7014474868774414,2.6300682520741248e-08,-0.7485510110855103
272,6.992359076126027,0.5639011596403325,4.188194916468493,1.0325641632080078,1.1557462187283818e-07,1.6512675285339355
273,-0.6882350911599184,-8.609037730800633,3.19454959658385,1.2165141105651855,-7.162155313267249e-09,-0.07977370172739029
274,-2.4807915515715706,-2.418994665986201,-5.546520422439654,2.583204507827759,-2.5682709292595973e-08,-0.7980096936225891
275,5.7596892187792585,-2.8863000854970835,12.642661027938711,0.47128036618232727,2.0096386776913278e-09,1.1062525510787964
276,-2.459580962544334,-9.193258500823923,6.6265905415695645,0.9625446200370789,-9.84160308803439e-09,-0.2614192068576813
277,-11.961183427032648,-8.107307545539705,-5.284959187734517,1.9214283227920532,6.859045242890716e-08,-0.9751245975494385
278,-7.48127437882493,2.5652914701241447,-4.193291539503098,2.058311939239502,-6.730027024559604e-08,-1.9011274576187134
279,-2.6267755606210486,4.117467013417286,7.551545898509004,0.5740908980369568,1.0111917703170548e-07,-2.5737287998199463
280,6.836855678716609,-7.76849565515035,-1.7183110364307297,1.7353389263153076,5.581373230256759e-08,0.7216968536376953
281,14.030834805101279,8.306501448051767,4.427494747286539,1.3056520223617554,1.5508582862366893e-07,2.105325698852539
282,-12.605601990770666,-6.889293219282977,-13.11149836504424,2.3105928897857666,1.5529359131960518e-07,-1.0706241130828857
283,-7.49257183760923,7.779217078605294,-10.259046912165905,2.3304810523986816,-7.24833384424528e-08,-2.3749618530273438
284,6.8114272960503754,-15.332326064805326,8.825812457266206,1.086519718170166,8.459606348765192e-09,0.4180641770362854
285,8.67317795124583,7.824274408897682,-5.86302690206002,2.035989284515381,1.8815455860021757e-07,2.304783344268799
286,-5.525109782483236,-1.810647023092466,-13.99554043424887,2.747851848602295,6.048707645867069e-10,-1.2541133165359497
287,4.2071485404686735,-8.066794867849,3.01502840284268,1.250791072845459,-4.139243969802919e-08,0.4807300865650177
288,-2.4562234760231574,-8.335542872536083,-3.159410191473383,1.9195111989974976,1.7569057320088177e-09,-0.286558598279953
289,4.741351671018715,-7.4928338981665155,6.681566155078878,0.9250365495681763,-3.8546353664514754e-08,0.5641778111457825
290,-3.8565527120635417,1.0369862947324988,-13.656578365213061,2.8570990562438965,4.6621991600659385e-08,-1.8334729671478271
291,-4.86667480028887,6.7769718723195345,3.4563578438771545,1.1780543327331543,6.40247321825882e-08,-2.5188093185424805
292,-8.604377310176075,-3.4266489723139535,-4.713892716769462,2.041595458984375,-1.510839240381756e-07,-1.1918039321899414
293,-19.804629971578702,3.8995657157520762,-1.399140562347842,1.640001893043518,5.785501144828231e-08,-1.7652111053466797
294,-8.95414145408849,5.657332771844816,-8.130415991879598,2.225484609603882,4.900181593825437e-08,-2.1342790126800537
295,-5.590497682672524,9.141314019577813,-8.092791879809155,-0.9239391684532166,3.141592502593994,0.5488787889480591
296,2.089226248133075,-21.66066598987474,2.610493137881337,1.4514058828353882,7.302598525882331e-10,0.0961550921201706
297,-10.189080744460867,-3.9738364225872216,-6.1172046530757065,2.080777645111084,2.4421197508672776e-08,-1.198932409286499
298,0.42344738134485416,7.160707915297917,-8.251561408645909,-0.7156018614768982,-3.141592502593994,-0.05906613543629646
299,-7.014739444761374,6.791814711129462,-6.585311770344903,2.164167881011963,-3.946264115484155e-08,-2.3400497436523438
300,8.25296084718236,2.230129255407067,-12.333958619763257,2.535496234893799,2.0755101104441565e-07,1.8347150087356567
